{"executed_action": 0.42096415277771015, "executed_action2": 0.3742786484220443, "_runtime": 9, "_timestamp": 1627617366, "_step": 433, "mu_policy_1": 0.19567596912384033, "mu_policy_2": 0.18992891907691956, "std_policy_1": 0.8541879653930664, "std_policy_2": 0.9189227819442749, "mu_prior_1": -0.027596137348213836, "mu_prior_2": -0.04633829263107138, "zeta": 0.9999996874027801, "std_mcf_lin_vel": 0.40000006556510925}