{"executed_action": 0.2047992209310656, "executed_action2": 0.05846755952685257, "_step": 376, "_runtime": 8, "_timestamp": 1627616837, "mu_policy_1": 0.13037633895874023, "mu_policy_2": 0.1768999546766281, "std_policy_1": 0.9105966687202454, "std_policy_2": 0.8553906083106995, "mu_prior_1": -0.015047708396424038, "mu_prior_2": -0.0628422780770618, "zeta": 0.9999996882924135, "std_mcf_lin_vel": 0.40000003576278687}