{"executed_action": 0.4401931277738826, "executed_action2": -0.2732524453827185, "_runtime": 11, "_timestamp": 1627615880, "_step": 1022, "mu_policy_1": -0.39430147409439087, "mu_policy_2": -0.2653809189796448, "std_policy_1": 0.85051429271698, "std_policy_2": 0.9644076228141785, "mu_prior_1": 0.8, "mu_prior_2": -0.0, "zeta": 0.9999996780598963, "std_mcf_lin_vel": 0.40000006556510925, "ep_rewards": 299.01000000000005, "ep_length": 500, "loss_q": 0.06003180891275406, "loss_pi": -0.6697824001312256, "entropy": -1.2139499187469482, "KL_div": 1.5590169429779053, "q_pi_targ_max": 0.07653167098760605, "q_pi_targ_min": -0.3055167496204376, "q_pi_targ_mean": -0.05243663117289543, "target_KL_div": 0.01}