{"executed_action": 0.9994781955803315, "executed_action2": -0.585720822423005, "_runtime": 36, "_timestamp": 1627622811, "_step": 1001, "mu_policy_1": 0.06084755063056946, "mu_policy_2": -0.28349485993385315, "std_policy_1": 1.3570525646209717, "std_policy_2": 0.9817813634872437, "mu_prior_1": 0.7553195711489452, "mu_prior_2": -0.06981317007977318, "std_ensemble_lin_vel": 1.0151121616363525, "std_ensemble_ang_vel": 1.0729511976242065, "std_mcf_lin_vel": 0.3721499443054199, "ep_rewards": 412.13000000000005, "ep_length": 500, "loss_q": 8.855716705322266, "loss_pi": -1.6275253295898438, "entropy": -1.3182650804519653, "KL_div": 1.6593786478042603, "q_pi_targ_max": -0.06049392372369766, "q_pi_targ_min": -0.3240363299846649, "q_pi_targ_mean": -0.12245750427246094, "target_KL_div": 0.01}